<?xml version="1.0" encoding="utf-8"?>
<component name="leftMarkUpGridListItemComponent" extends="Group">
    <interface>
        <field id="itemContent" type="node" onChange="setContent" />
    </interface>
    <script type="text/brightscript" uri="leftMarkUpGridListItemComponent.brs" />
    <children>
        <Group id="markUpGridItemContents">
            <poster id="iconUri" height="50" width="10" translation="[75,25]"/>
            <Label id="name" translation="[100, 35]" />
        </Group>
    </children>
</component>