<component name="keyboardComponent" extends="commonFields" initialFocus = "keyboard1">
    <interface>
        <field id="goBackResult" type="assocArray" />
    </interface>
    <children>
        <Rectangle width="1920" height="1080" color="#000000">
            <poster width="1920" height="1080" uri="pkg:/images/separated/appBg.png" />
            <Group id="keyboardComponentGroup" translation="[100,300]">
                <keyboard id="keyboard1" translation="[150,0]"/>
                <!-- <Rectangle translation="[560,600]" color="#000000" width="100" height="100"> -->
                    <!-- <button id = "backutton" text="Back" focusedIconUri=" " iconUri=" "  maxWidth="100" translation="[560,600]" /> -->
                    <Button id="backButton" height="90" minWidth="400"   focusedIconUri=" " iconUri=" " translation="[860, 600]"  >
                        <label color="#000000" height="40" vertAlign="center"  horizAlign="center" width="200" text="Back" translation="[100, 20]"/>
                    </Button>
                    <Button id="cancelButton" height="90" minWidth="400"   focusedIconUri=" " iconUri=" " translation="[560, 600]"  >
                        <label color="#000000" height="40" vertAlign="center"  horizAlign="center" width="200" text="Cancel" translation="[100, 20]"/>
                    </Button>
                <!-- </Rectangle> -->
                
            </Group>
        </Rectangle>
    </children>
    <script type="text/brightscript" uri="keyboardComponent.brs" />
</component>