<component name="logInItemComponent" extends="commonFields">
    <interface>
        <field id="itemContent" type="node" onChange="setContent" />        
    </interface>
    <script type="text/brightscript">

        <![CDATA[ 

            sub init()
                m.texteditbox1 = m.top.findNode("texteditbox1")
                m.content1 = m.top.findNode("content1")
            end sub

            sub setContent() 
                m.itemContentValues = m.top.itemContent
                m.content1.text = m.itemContentValues.content1
                m.texteditbox1.hintText = m.itemContentValues.content1
                m.texteditbox1.text = m.itemContentValues.texteditbox1
                print "m.texteditbox1.hintText: "m.texteditbox1.hintText
                if m.content1.text = "Password"
                    m.texteditbox1.secureMode = true
                end if
                'm.texteditbox1.text.font.size = 30
            end sub

        ]]>
    </script>
    <children>

        <group id = "item1">
            <Label id="content1" visible="false" translation="[60,0]" />
            <texteditbox id="texteditbox1" translation="[0,0]" width="780" />
        </group>

    </children>

</component>