<component name="keyboardComponent" extends="commonFields" initialFocus = "keyboard1">
    <interface>
        <field id="goBackResult" type="assocArray" />
    </interface>
    <children>
        <Rectangle width="1920" height="1080" color="#000000">
            <poster width="1920" height="1080" uri="pkg:/images/separated/appBg.png" />
            <Group id="keyboardComponentGroup" translation="[100,100]">
                <keyboard id="keyboard1" translation="[150,0]"/>
                <button id = "backButton" text="Back" focusedIconUri=" " iconUri=" "  maxWidth="100" translation="[560,600]" />
            </Group>
        </Rectangle>
    </children>
    <script type="text/brightscript" uri="keyboardComponent.brs" />
</component>