<?xml version="1.0" encoding="UTF-8"?>
<component name="searchComponent" extends="commonFields" initialFocus="firstVideoMUG">
    <script type="text/brightscript" uri="searchComponent.brs" />
    <interface>
        <field id="setFocus" type="boolean" onChange="onSetFocus" alwaysNotify="true" />
        <field id="afterOnFirstVideoMUGSelected" type="boolean" onChange="handleAfterOnFirstVideoMUGSelected" alwaysNotify="true" />
        <field id="playFirstVideo" type="boolean" onChange="onPlayFirstVideoSetToTrue" alwaysNotify="true" />
        <field id="index" type="integer"/>
    </interface>
    <children>
        
        <LayoutGroup id="outerLayoutGroup" translation="[400, 30]" layoutDirection="horiz" itemSpacings="[0]">
            <!-- <Rectangle id="firstVideoRectangle" translation="[0,0]" color="#9900cc" width="1010" height="1000"> -->
                <MarkupGrid id="firstVideoMUG" 
                    itemComponentName="firstVideoComponent"
                    numColumns="1"
                    numRows="1" 
                    itemSize="[1010, 575.2]" 
                    translation="[5,0]"
                    itemSpacing="[0,300]"
                    drawFocusFeedback="false"  
                />
                <Timer 
                    id="startingCountDown"
                    duration="1"
                    repeat="true"
                />
            <!-- </Rectangle> -->
            <!-- <Rectangle id="secondVideoRectangle" translation="[0,0]" width="1015" height="630" color="#9900cc"> -->
                <MarkupGrid 
                id="secondVideoMUG"
                translation="[0,0]"
                itemComponentName="secondVideoComponent"
                numColumns="6"
                numRows="2" 
                itemSize="[325,166.5625]" 
                itemSpacing = "[10,230]"
                drawFocusFeedback="false"
                vertFocusAnimationStyle="floatingFocus"
                />
            <!-- </Rectangle> -->
            

        </LayoutGroup>
        
        
    </children>
</component>