<?xml version="1.0" encoding="utf-8"?>
<component name="loginComponent" extends="commonFields" >

  <interface>
  </interface>

  <children>
    <Rectangle width="1920" height="1080" color="#000000">
      <poster width="1920" height="1080" uri="pkg:/images/separated/appBg.png" />

        <Label 
          id="signInTitle"
          width="300"
          height="100"
          text="Please sign in"
          translation="[820, 300]"
          color="#00bbba"
        />

        <Group id="markUpGridGroup" translation="[800,400]">
          <MarkupGrid vertFocusAnimationStyle="floatingFocus" numColumns="1" numRows="2" id="myList" itemComponentName="logInItemComponent" itemSpacing="[30,30]"  itemSize = "[ 300, 70 ]">
          </MarkupGrid>
          <Label id="usernameOrPasswordWrong" color="#ff030b" text="" width="300" height="200" translation="[20,350]" wrap="true"/>
          <Button height="40" minWidth="200"   id="loginButton" focusedIconUri=" " iconUri=" " translation="[50, 250]" text="Sign in" />
            <!-- <label height="40" vertAlign="center"  horizAlign="center" width="200" text="Log in"/> -->
          <!-- </Button> -->
        </Group>
     
    </Rectangle>
   
  </children>

  <script type="text/brightscript" uri="loginComponent.brs" />
</component>