<?xml version="1.0" encoding="UTF-8"?>
<component name="secondVideoItemField" extends="ContentNode">
    <interface>
        <field id="secondVideoUrl" type="string" />
        <field id="secondVideoTitle" type="String"/>
        <field id="secondVideoStreamFormat" type="String"/>
        <field id="secondVideoControl" type="String"/>
        <field id="increaseSecondVideoSize" type="String"/>
        <field id="secondTimeRenderingSecondVideo" type="assocArray"/>
        <field id="secondVideoDesc" type="String"/>
        <field id="secondVideoDuration" type="String" />
    </interface>
</component>